interaction_key,condition,relationship_raw,relationship,canonical_r,null_z,null_mean,null_std,T,D_features,cca_a_std,cca_b_std,cca_a_max_abs,cca_b_max_abs
V00_S0080_I00000372,naturalistic,familiar,familiar,0.5414035393230363,8.798531238867909,-0.0030436920979380333,0.06187933152022625,4800,31,0.6725360032889486,0.4333834485038279,6.297665275428906,3.331666702280836
V00_S0080_I00000374,naturalistic,familiar,familiar,0.6892641074482151,9.369046502385638,-0.006687725282816506,0.07428203420207398,1980,31,0.49539965796808677,0.4237725220739228,2.469113642586876,2.5301977636895074
V00_S0080_I00000376,naturalistic,familiar,familiar,0.7080690275612201,10.603207599609467,-0.001998314491739622,0.06696722056815266,3202,31,0.5828144077691619,0.5602620886746358,4.559151484579621,4.279968056628214
V00_S0080_I00000379,naturalistic,familiar,familiar,0.4611181165450897,7.755193610400843,-0.013757243403827127,0.06123320497273464,6636,31,0.647096082865824,0.5932335001040402,5.5067850328086685,4.84373781285938
V00_S0080_I00000382,naturalistic,familiar,familiar,0.5647508963374518,8.221189810508355,0.003605488853499275,0.0682559848900088,5392,31,0.636250628474173,0.822942313157379,7.336701617213952,8.071494850513997
V00_S0080_I00000385,naturalistic,familiar,familiar,0.6718986929025922,8.010874191621197,0.0032881081241614594,0.08346287418640898,2945,31,0.49734651401527674,0.6573962649205239,4.160512626331386,6.105562289203469
V00_S0080_I00000386,naturalistic,familiar,familiar,0.7170449037853468,9.461071989173961,0.0026202256719509306,0.07551202220328647,3659,31,0.7000289290270229,0.7321587433753705,7.524596924095532,6.979449788861291
V00_S0080_I00000503,naturalistic,familiar,familiar,0.47838739334292885,8.091246897890455,-0.0010540775933430516,0.05925433706160562,7038,31,0.71399624865171,0.6547004118829053,6.039447145945603,5.374112030369107
V00_S0152_I00000135,naturalistic,familiar,familiar,0.623927831070992,8.008416112284575,-0.00778820552201122,0.07888152010782473,2880,31,0.6761386104308968,0.6354839558241221,5.6512971189294765,5.296496687951023
V00_S0152_I00000140,naturalistic,familiar,familiar,0.4563522381635137,7.0261871680558405,0.009612023859938128,0.06358216819709195,8154,31,0.8961396988736553,0.5168615941888063,14.349808638746033,4.663471160038136
V00_S0152_I00000371,naturalistic,familiar,familiar,0.8478449792045293,7.70693103029208,-0.010563565482124919,0.11138137104285491,2040,31,0.6399940015903482,0.692254958070385,4.958955116330542,4.061984346628322
V00_S0152_I00000372,naturalistic,familiar,familiar,0.5683378766092972,6.78238102449295,-0.007129966989030039,0.0848474660329702,3060,31,0.47338587027472623,0.5551165099727562,3.228270289957792,2.7264946193529016
V00_S0152_I00000373,naturalistic,familiar,familiar,0.48430909072961154,7.789911481716723,0.0013082923711649585,0.062003374427562034,4380,31,0.42507147348795243,0.5245514483069637,2.7533631043498055,2.693083116779435
V00_S0152_I00000374,naturalistic,familiar,familiar,0.6014948092786588,9.132463380842614,-0.003961709551308868,0.06629717454986442,4540,31,0.3909498983573386,0.6274988195155888,2.60568250612353,4.078743751520166
V00_S0152_I00000376,naturalistic,familiar,familiar,0.5722564488616553,8.651937048439619,-0.0006009039119072113,0.06621145641332164,5192,31,0.4960147442074044,0.6274798858334538,3.7639691784461546,5.069611398053359
V00_S0152_I00000377,naturalistic,familiar,familiar,0.48644220304862007,7.189661691937207,-0.00013925512499265004,0.067677935210677,5760,31,0.6486833140244983,0.4888773968180754,3.732924208029657,2.620684191570458
V00_S0152_I00000378,naturalistic,familiar,familiar,0.8300654770835617,8.873475852240514,-0.01190243047672448,0.09488591861640025,1618,31,0.6139153709395119,0.7774552042548654,3.7747809231294704,5.733767802925381
V00_S0152_I00000381,naturalistic,familiar,familiar,0.48418825471808136,6.911214012519275,-0.01178853175595529,0.07176406136108687,4036,31,0.5827683797486818,0.5932931720350172,4.900789622722414,4.626300209373098
V00_S0152_I00000383,naturalistic,familiar,familiar,0.5682486527322844,7.333855815193016,0.0029742011761050118,0.07707738818441745,3840,31,0.5510839047506849,0.5210322377272963,4.142628819481128,4.163425898837662
V00_S0152_I00000384,naturalistic,familiar,familiar,0.5054309247144223,7.972268037160134,0.010198783969471388,0.0621193540453717,7560,31,0.6385568568578007,0.5499760125237039,6.792951761282119,3.684549870236578
V00_S0152_I00000385,naturalistic,familiar,familiar,0.6197026967768992,9.542609310171098,-0.0042125571031920075,0.06538203897911696,4500,31,0.6085581155508085,0.6411638949180145,4.055335250344882,3.5677130029092083
V00_S0152_I00000386,naturalistic,familiar,familiar,0.47809531031425606,6.538390243653236,-0.0009000390942854844,0.07325891107119196,5607,31,0.7829775727439267,0.7770504362763017,11.93588515518646,5.256187022675158
V00_S0152_I00000387,naturalistic,familiar,familiar,0.6379357980634746,9.695302443083035,-0.009810538510620848,0.06681032803017095,4284,31,0.5239214224362536,0.8233877101100988,4.378280207124746,12.49617217093291
V00_S0152_I00000503,naturalistic,familiar,familiar,0.5996840459554788,8.895172045990247,-0.009036398801106458,0.06843267804257741,5601,31,0.7857183080663204,0.6851929504818981,5.47845998170073,5.822397341959538
V00_S0255_I00000126,naturalistic,familiar,familiar,0.4919475740447012,7.855769879661369,0.0030449857956534147,0.062234840854340605,5522,31,0.6767107999732737,0.5626450409851792,9.179815380213988,3.5737569114580094
V00_S0255_I00000128,naturalistic,familiar,familiar,0.3797754444415633,5.761552670025326,-0.00011429355029486803,0.06593530594074883,6913,31,0.6738018718177059,0.6964095227057441,6.478047876115314,11.743016970512558
V00_S0255_I00000129,naturalistic,familiar,familiar,0.6237439243966563,9.220437257445417,-0.01083105351371252,0.06882265560648498,4424,31,0.6145180233858988,0.6792856633432977,4.056082246288915,5.679589709998131
V00_S0255_I00000132,naturalistic,familiar,familiar,0.7548696920476473,10.191556645416677,-0.005193087149969105,0.07457769265693383,2363,31,0.6277106381913975,0.511309922516245,4.646486293757333,4.703972619085783
V00_S0255_I00000134,naturalistic,familiar,familiar,0.6836644072973775,11.55107034193434,0.00781136775084534,0.058509992540946985,3344,31,0.4137248800069508,0.6859521198840338,4.065975483693371,5.525789002100843
V00_S0255_I00000137,naturalistic,familiar,familiar,0.7009564597026822,10.084803600932677,-0.002845033265375558,0.06978831921952032,4056,31,0.6318833686193422,0.609923174082069,9.249622431241626,12.075864032844159
V00_S0255_I00000462,naturalistic,familiar,familiar,0.5308522487795788,8.21085018859952,-0.008325000410558326,0.06566643365857118,5562,31,0.6330659796414376,0.7886588006093428,4.571441281383066,5.217960924572128
V00_S0255_I00000497,naturalistic,familiar,familiar,0.6492635164891825,8.827479543911805,-0.004058940913990961,0.07401007888528739,4055,31,0.8495752451698313,0.4280746545222338,7.671974484285647,2.7290622033303884
V00_S0274_I00000126,naturalistic,familiar,familiar,0.4614076891010951,7.689225428883448,0.0006883889865717788,0.059917517619381896,4620,31,0.4839870147237676,0.5676028959055615,4.428582943378503,4.792835839685216
V00_S0274_I00000128,naturalistic,familiar,familiar,0.42020272909255874,7.1633315713545676,0.013673414506157514,0.056751430606963735,5520,31,0.78465363907806,0.7589877737866781,4.58447199968153,5.518608882839332
V00_S0274_I00000129,naturalistic,familiar,familiar,0.6549144261460229,9.470040741928154,-0.0006890371777797367,0.0692292125440548,4438,31,0.614199759462337,0.8503214593079155,7.683361598262453,7.977359621544916
V00_S0274_I00000130,naturalistic,familiar,familiar,0.5950699558493568,8.285456650270401,-0.0008318474163711207,0.07192141947255018,5400,31,0.5333311847128033,0.6924088765447455,6.431017491638372,7.59014785239369
V00_S0274_I00000132,naturalistic,familiar,familiar,0.419264394874264,6.909742341369829,-0.007051111134449051,0.061697742831348136,6840,31,0.44722441978126626,0.6213956493030145,4.4727909668981285,10.140399540215475
V00_S0274_I00000134,naturalistic,familiar,familiar,0.425470665604696,7.155987770629796,-0.0007832791885562851,0.05956605271779801,7440,31,0.7002666857881565,0.7388516189022611,4.913358703373158,6.352137771196802
V00_S0274_I00000135,naturalistic,familiar,familiar,0.5966236951326416,8.978064834750242,0.0074168827021415225,0.06562737330097383,4440,31,0.8038579605927011,0.9361529583889071,10.5888670766425,10.411114563731827
V00_S0274_I00000138,naturalistic,familiar,familiar,0.48536343912594543,7.825516604607757,-0.009672041746650739,0.0632591438859274,5400,31,0.5253146155022403,0.6053993086929715,4.434521800327948,5.045524011832987
V00_S0274_I00000139,naturalistic,familiar,familiar,0.7052768771880441,8.553272312595755,0.0016469787574436485,0.08226440977383803,2490,31,0.601757714049868,0.5545298427791818,3.8840090693092817,3.522742960368862
V00_S0274_I00000462,naturalistic,familiar,familiar,0.6515237195357346,9.340042925476725,0.005968196993449193,0.06911697598106442,4920,31,0.6322164263622948,0.6894163310645076,5.870002084117529,7.375297021178993
V00_S0274_I00000497,naturalistic,familiar,familiar,0.6196632549691132,8.827973185830107,-0.0012518944804415537,0.07033496096773308,8226,31,0.7443760899298835,0.8125046767250022,13.087797391416881,19.948592508289526
V00_S0305_I00000138,naturalistic,stranger,stranger,0.6436588217350396,8.505018397182752,0.017154309272659492,0.0736629226657413,2512,31,0.5717957503148279,0.6122809535768939,5.880024306400151,6.618832376148736
V00_S0305_I00000371,naturalistic,stranger,stranger,0.5286375805198146,7.8021110742588435,-0.003211232752834166,0.06816729577554385,4094,31,0.4481107784518246,0.893062154482725,2.913972689088639,3.476814700253479
V00_S0305_I00000373,naturalistic,stranger,stranger,0.6420073172198966,10.178707884670827,-0.00543384986595508,0.06360740227754257,2451,31,0.6410020611528673,0.5857361119960018,5.538813179444624,3.9543877922696504
V00_S0305_I00000376,naturalistic,stranger,stranger,0.7330646823289301,10.258486041232757,0.0028452673236350466,0.07118198651051096,2679,31,0.7710694816087975,0.8386334141718544,4.231635266850301,7.395174124568786
V00_S0305_I00000377,naturalistic,stranger,stranger,0.6438701588588731,7.90454864404174,-0.009379981839645217,0.08264230762763698,3213,31,0.5110809698266022,0.6761062940092785,2.7507957774169824,6.095828317014236
V00_S0305_I00000386,naturalistic,stranger,stranger,0.8295393673772733,7.027379455019306,0.0039661447598412555,0.1174795281657612,1406,31,0.6311407129921058,0.2502823540116533,5.470580326786739,2.2082193861816717
V00_S0305_I00000502,naturalistic,stranger,stranger,0.369183813091484,6.621884817925163,0.0016897152725237658,0.05549690275858759,7124,31,0.44491737333095877,0.6069946899854334,6.528387802278582,7.657813900593122
V00_S0305_I00000503,naturalistic,stranger,stranger,0.8712866577931515,9.384295223718922,-0.019808373911124125,0.09495598875150708,1475,31,0.7417990073623392,0.4379377196723057,3.545438200488457,2.2310737401180996
V00_S0305_I00000504,naturalistic,stranger,stranger,0.7260359283218437,8.026922060895915,0.005194894886209853,0.08980291922196365,1684,31,0.5034233537754619,0.6223454227603831,3.8874732967461907,4.740240328676068
V00_S0360_I00000135,naturalistic,familiar,familiar,0.8140657432482398,10.440784835863916,0.009763032180234778,0.07703469841704227,2700,31,0.6280655570231624,0.7498230412061891,6.459899728770997,10.203981729591451
V00_S0360_I00000372,naturalistic,familiar,familiar,0.6817389859101153,9.520492696869887,-0.004938455875365106,0.07212625056802403,6000,31,0.5929708554119089,0.7425034817916317,9.166508688246472,12.381416793412683
V00_S0360_I00000376,naturalistic,familiar,familiar,0.5617618499367798,9.337780831955298,0.004621056417740136,0.05966522491215682,5545,31,0.6989974103463952,0.7455859032533306,5.817968160663475,5.188023850633
V00_S0360_I00000381,naturalistic,familiar,familiar,0.5384347236640358,7.50612316873636,-0.0007496301186956566,0.0718326014191294,6240,31,0.6501686182638642,0.6376038944624255,4.482190789112984,5.70091237533727
V00_S0360_I00000503,naturalistic,familiar,familiar,0.4400649210427101,6.58516767770445,0.001638008525460018,0.0665779421231204,8409,31,0.7190468123688604,0.7966073163867251,3.7595426512332173,6.067402302799087
V00_S0377_I00000477,naturalistic,stranger,stranger,0.7111460356530162,10.737080291702519,0.012600621526536748,0.06505915902168549,4200,31,0.6060720138149093,0.6913264621501765,9.315387287547871,9.954644611794727
V00_S0377_I00000478,naturalistic,stranger,stranger,0.7543101757664626,9.239769968600873,-0.008285169919799612,0.08253401851753435,2937,31,0.7491612391635465,0.8475467341693721,7.7155667082820845,9.5994796651459
V00_S0377_I00000481,naturalistic,stranger,stranger,0.7661793988278137,8.769512204057705,-0.015847846361840466,0.08917568354917227,2079,31,0.651682959420502,0.49457571815775314,4.0487219696979775,2.7883465424504728
V00_S0377_I00000484,naturalistic,stranger,stranger,0.42709516538007325,7.233475692450613,0.0001758092083763099,0.059019947577519535,6660,31,0.5366032095210472,0.7213131649079835,3.0366230701643016,3.9578900907102508
V00_S0377_I00000486,naturalistic,stranger,stranger,0.477235140776439,8.579383401720865,-0.004277138460486261,0.05612434561909693,4014,31,0.6315303190303307,0.6309076866227303,3.091106420162117,2.991470022024858
V00_S0377_I00000490,naturalistic,stranger,stranger,0.45607758325652503,7.241246881951092,-0.01128073534825477,0.06454113859447008,5799,31,0.8297266463448352,0.6278582157723417,7.18661157470117,3.0183475563615216
V00_S0377_I00000520,naturalistic,stranger,stranger,0.5585844679119907,8.396250061798874,-0.005501235446752812,0.06718305186326116,3328,31,0.5172725389946385,0.6905585086999194,5.4311582448559435,6.504893413205235
V00_S0515_I00000371,naturalistic,familiar,familiar,0.8369964285929491,6.930599249460789,-0.011791955188428554,0.12246969608687368,1130,31,0.4666657711360888,0.8063610031371133,1.5592027954160577,3.9582118340370496
V00_S0515_I00000372,naturalistic,familiar,familiar,0.768468851539763,10.115755683417165,-0.0022725912507387067,0.07619217653249416,3360,31,0.9269713247588813,0.6677599444706085,7.865334052247589,7.099908502397481
V00_S0515_I00000373,naturalistic,familiar,familiar,0.6012810975954366,9.423801466339919,0.013546799859829315,0.06236700760673766,3300,31,0.727714791917205,0.6709524553416427,3.786920800806024,4.1543529143020965
V00_S0515_I00000374,naturalistic,familiar,familiar,0.7601180061214742,9.050035893948504,0.0030919783894879016,0.08364895306527872,2145,31,0.732115032534624,0.4130159467363439,6.93213546563725,3.0847972766900225
V00_S0515_I00000376,naturalistic,familiar,familiar,0.8639004622136258,8.357542852885091,0.0033800795216191006,0.10296332281382778,2023,31,0.850311581837023,0.594801275338228,8.302573352588066,4.775658175094935
V00_S0515_I00000378,naturalistic,familiar,familiar,0.632992573901169,8.181188320871847,-0.0019740606955213737,0.07761300799992144,2124,31,0.6522478335748723,0.62886785326243,4.288728251018916,2.5746902149152664
V00_S0515_I00000503,naturalistic,familiar,familiar,0.7776708420761445,9.870163549006055,-0.006577246209767146,0.07945644308648635,2140,31,0.7727532707461642,0.5883291630911086,4.202630457850391,3.486693340234325
V00_S0521_I00000126,naturalistic,familiar,familiar,0.3514349333783841,5.148452381304944,0.010751385769724444,0.0661720304233073,8630,31,0.5339909568310826,0.4922814131203192,2.9773915511010784,3.683565388142901
V00_S0521_I00000130,naturalistic,familiar,familiar,0.583930030725868,10.33002512825281,-0.0075534919998239795,0.05725867220864484,9106,31,0.6839536541249516,0.4965280913809673,11.563501341590339,7.044424592851522
V00_S0521_I00000135,naturalistic,familiar,familiar,0.49575282902657314,6.955586379866972,-0.014578307139007693,0.07336996599492178,4740,31,0.65214252857472,0.5006802761008736,4.945862619876242,2.5226154337905116
V00_S0521_I00000309,naturalistic,familiar,familiar,0.42059842095578287,6.093597569244724,-0.006123945556107128,0.07002798620401518,6985,31,0.7853694763431583,0.8174886134735279,6.158340582392041,4.397185140569043
V00_S0521_I00000461,naturalistic,familiar,familiar,0.37209211793908925,6.271146802248422,0.007352312970908956,0.05816157976678341,12051,31,0.7688799126978284,0.6968289844178764,7.677721776930874,4.498502569447595
V00_S0521_I00000497,naturalistic,familiar,familiar,0.4797840191460533,7.489160346218949,0.005323995792368311,0.06335289958015461,7610,31,0.6388811681393611,0.5130784882294267,4.409912565684875,3.9913101086399383
V00_S0522_I00000481,naturalistic,familiar,familiar,0.6721171704367138,8.419619112905833,-0.009090170314115726,0.08090714456508555,4175,31,0.9130075447390754,0.9334399170576397,3.9500484367097437,4.594136853891117
V00_S0522_I00000488,naturalistic,familiar,familiar,0.4956517508229282,8.360925978919457,0.007434723914640878,0.058392698146023186,5026,31,0.7221762964094514,0.8218949036148941,4.476015926459931,5.499964154531332
V00_S0522_I00000495,naturalistic,familiar,familiar,0.4699612874328901,8.9138082671849,0.004481020133683113,0.05222013457624122,6480,31,0.8792500254662184,0.8404564581220905,17.114817762924304,8.524708698672116
V00_S0522_I00000514,naturalistic,familiar,familiar,0.8040026767277108,7.757812515537899,0.006264605803412481,0.10283028486787116,1140,31,0.47274838765531957,0.3782553160030976,2.0425718710570604,1.7133741027439995
V00_S0526_I00000129,naturalistic,familiar,familiar,0.7016406141595822,11.179304483474844,-0.00023729842591412392,0.06278368333405772,3599,31,0.7727336578633243,0.5824037814745385,8.492464033846243,6.158924972089856
V00_S0526_I00000130,naturalistic,familiar,familiar,0.49181489117287586,8.58820214734303,-0.0033121254869410348,0.0576519984235579,7930,31,0.6261909425903076,0.7734062286278899,10.73115877670905,6.945455165564513
V00_S0553_I00000128,naturalistic,familiar,familiar,0.8343569354463856,9.126621422900394,-0.0053300369994233494,0.09200414189843328,2182,31,0.4005201156072702,0.6675661141826905,3.5651601168518345,5.370897291444797
V00_S0553_I00000129,naturalistic,familiar,familiar,0.6382631752751589,9.374735671936579,-0.004140090877445041,0.0685249471167116,4313,31,0.6108855584651816,0.66642186970961,4.069784720589363,3.6204299139483296
V00_S0553_I00000130,naturalistic,familiar,familiar,0.7577998810967749,7.632321755683715,0.004745086134374906,0.09866654198659897,2253,31,0.3945226914988696,0.6606987822936177,2.921233935609998,4.040379377077631
V00_S0553_I00000307,naturalistic,familiar,familiar,0.7541542427425593,8.262275303445783,-0.0007523449236972974,0.09136788111519628,1697,31,0.27492038137814445,0.5165096195913758,1.2899341690046988,2.0794316864039204
V00_S0553_I00000462,naturalistic,familiar,familiar,0.6887318344578024,9.80833514941133,-0.001589975286147069,0.07038114004346403,2933,31,0.5630337576062632,0.47018107508272483,4.823464668628267,4.033797958586702
V00_S0554_I00000125,naturalistic,familiar,familiar,0.45306907246400846,6.36648926379824,0.0015218877549667258,0.07092561787179537,5444,31,0.6054068016017857,0.6469839046718879,3.1970380343224942,4.468994286892411
V00_S0554_I00000126,naturalistic,familiar,familiar,0.5979392452787433,10.030632082399823,-0.005390055037231825,0.060148682092986204,6673,31,0.6090507031808731,0.637379564421625,7.047612651150063,4.9215515204406595
V00_S0554_I00000129,naturalistic,familiar,familiar,0.6662401194372437,8.5338269039775,-0.00024999949865750937,0.07809979349654483,3405,31,0.5874510908556091,0.7792805626775547,3.6400036249943453,4.288832421780397
V00_S0554_I00000134,naturalistic,familiar,familiar,0.6537701605850904,7.402752586481559,0.00598509960086725,0.08750597205790282,3120,31,0.562413652142739,0.5068917756849769,2.8252718258109177,2.3690000332662358
V00_S0554_I00000135,naturalistic,familiar,familiar,0.7243109063633841,8.117601230915572,0.013436390870557343,0.08757199267013617,2184,31,0.6806040503416098,0.7603985848778322,2.9657203699514048,3.6233790504430625
V00_S0554_I00000307,naturalistic,familiar,familiar,0.4564947790515834,6.81598589524425,-0.0032716034680995852,0.06745412763258181,7019,31,0.4714480729017257,0.7260795542238319,2.9823526252513672,9.784878737423224
V00_S0554_I00000309,naturalistic,familiar,familiar,0.7423995356005473,11.199901510823976,0.0012761933566821165,0.06617230888393238,3679,31,0.9892943802507594,0.8778940807941941,13.989484321564436,7.889263141425124
V00_S0554_I00000462,naturalistic,familiar,familiar,0.5165225119675654,10.306238354010304,0.003946664455289645,0.04973452290794586,6120,31,0.31402168982799344,0.779943528651807,2.9224179771390393,9.25192456201742
V00_S0554_I00000497,naturalistic,familiar,familiar,0.5618499869316114,8.023413489733704,-0.005262502157622302,0.0706821965258151,4755,31,0.7126483310588657,1.007156825614371,4.598150851248915,6.373152653706546
V00_S0627_I00000135,naturalistic,familiar,familiar,0.5958873226669544,10.734144691054277,0.002221199807199795,0.05530632760656838,6106,31,0.7827301597005552,0.6953128469144029,12.39782536430595,12.80157332712852
V00_S0627_I00000371,naturalistic,familiar,familiar,0.3923187717150711,5.992450892975998,0.0016334408283550895,0.0651962507268361,6994,31,0.7160528544214073,0.8325224359434571,4.335408896611329,6.608340332464833
V00_S0627_I00000372,naturalistic,familiar,familiar,0.6076748039253238,9.85331541421521,0.008301992983218065,0.06082955693039124,5493,31,0.8669361317820221,0.44297115885209576,8.861181228688961,4.431935721900806
V00_S0627_I00000373,naturalistic,familiar,familiar,0.4026871216855888,6.8155577705765005,-0.009430771054334038,0.06046722903869736,7522,31,0.9602239805833592,0.6155133211964275,7.767309787001359,5.09480357836271
V00_S0627_I00000376,naturalistic,familiar,familiar,0.7831785032636747,9.727522678269906,-0.018656200129763767,0.08242948692215736,2070,31,0.7930515084290397,0.6266455129069615,8.567120793158786,6.106771503403236
V00_S0627_I00000377,naturalistic,familiar,familiar,0.6490832231331846,8.6114912278366,-0.005209163451867667,0.07597898775882805,3114,31,0.6735973805891609,0.5964442988099132,4.856951305235077,3.2077270403115543
V00_S0627_I00000378,naturalistic,familiar,familiar,0.6463084572150203,10.141157081136122,-0.0029661736650639352,0.06402372290316062,3718,31,0.7523956717722873,0.8892581368498206,4.955178675776254,7.658142151480338
V00_S0627_I00000379,naturalistic,familiar,familiar,0.5593923954664791,8.812634680116075,-0.008355086220832135,0.06442426156258564,4533,31,0.6677238428853861,0.7081703788177132,4.815403532217034,6.020120672061081
V00_S0627_I00000381,naturalistic,familiar,familiar,0.622433176397927,8.049783503541455,-0.004242172558610342,0.07784996313016805,2787,31,0.9567785941061328,0.7874449361689433,5.291417206928535,4.182457182069634
V00_S0627_I00000382,naturalistic,familiar,familiar,0.5299984351158675,9.70215721762772,-0.01304257342837325,0.05597116150185618,4616,31,0.6684563341482733,0.7968303569768364,3.739419525299857,5.797356978523573
V00_S0627_I00000384,naturalistic,familiar,familiar,0.457353191170321,6.239270804596035,-0.008600036798767174,0.0746807187189011,5866,31,0.8954810572215887,0.6813627391579045,6.314901305772464,3.224040891520069
V00_S0627_I00000385,naturalistic,familiar,familiar,0.7724665164822326,7.5636364807758545,0.01199123165310383,0.10054360581209763,1741,31,0.5767102863517278,0.665964953955929,3.424160905009812,3.711641339468793
V00_S0627_I00000503,naturalistic,familiar,familiar,0.610517930008819,8.089997337606633,-0.01156868701148009,0.07689577524686045,4288,31,0.7319037671201307,0.814896644149605,5.923582743991142,7.618932019083096
V00_S0691_I00000477,naturalistic,stranger,stranger,0.8086855761417838,8.392549100182455,0.01261064565433278,0.09485496253696558,1898,31,0.8176405603554863,0.3921467439917325,8.202466759001517,4.136905137898241
V00_S0691_I00000478,naturalistic,stranger,stranger,0.5635984523975217,9.437381123620241,-0.011372991194842412,0.06092489389384766,4008,31,0.6447876890804692,0.5686743219519224,3.489135573029652,5.682355557770096
V00_S0691_I00000481,naturalistic,stranger,stranger,0.6639455626958826,9.418845189522361,-0.002069118788564599,0.07071086402665691,3412,31,0.6323442856007006,0.6096344234841854,4.910647439261901,4.217987753032191
V00_S0691_I00000486,naturalistic,stranger,stranger,0.4313370980919942,6.1873203768333145,0.005474061220705231,0.0688283474807307,6898,31,0.8632154243727614,0.8571389276653018,5.663328503219499,8.677471741263291
V00_S0691_I00000489,naturalistic,stranger,stranger,0.8939168612811335,9.130384671545164,0.019626144530454623,0.09575617547368022,1440,31,0.5040762662004777,0.3683252767540534,3.9889764362673312,2.9976320918574415
V00_S0691_I00000495,naturalistic,stranger,stranger,0.46727513918642605,7.811435396111124,-0.00030550765387067386,0.05985847966854836,5936,31,0.5897253241189963,0.5364840794906834,2.7510623388622406,3.646712511807168
V00_S0691_I00000520,naturalistic,stranger,stranger,0.5294852948391564,7.260408745279801,0.012721363528132664,0.07117559760626241,4588,31,0.6881772821456132,0.64908345495283,4.490874007490944,5.767064061997928
V00_S0731_I00000377,naturalistic,stranger,stranger,0.9447562432894987,8.901939803084668,0.004722280422312146,0.10559877775644466,1366,31,0.5369918353584665,1.0054586005311619,4.697678599759215,8.654357366600903
V00_S0731_I00000477,naturalistic,stranger,stranger,0.5714529465406255,7.904945823987683,0.005984535732717641,0.07153349604142574,3293,31,0.6073159449781289,0.4604716911175213,3.0781567701390826,2.599047629934156
V00_S0731_I00000478,naturalistic,stranger,stranger,0.5691678056426734,7.518440159778583,0.005740746496913239,0.0749393553944776,3369,31,0.8574394337242528,0.5849154360615586,7.997361457291426,3.767941082444383
V00_S0731_I00000481,naturalistic,stranger,stranger,0.9568118429989417,12.520112920938974,-0.00436015070084416,0.07677023360486597,1553,31,0.7446415410393703,1.2166247447663134,9.48061578301695,16.893657553191908
V00_S0731_I00000482,naturalistic,stranger,stranger,0.5950126202621535,8.634878955940934,-0.0021039858871875665,0.06915170544903994,3316,31,0.8721494972123393,0.635979246612945,5.4132081253641005,3.3739765516530307
V00_S0731_I00000483,naturalistic,stranger,stranger,0.4890021209864855,9.04866528721568,0.003455358772956702,0.05365948974812107,5092,31,0.5516187967949177,0.6781522055993235,2.3659339643087947,5.866509541154069
V00_S0731_I00000486,naturalistic,stranger,stranger,0.45831426106089856,8.490003019936118,-0.004670245117515492,0.054532902413725846,6942,31,1.1044186743875763,0.7576215756621287,11.245844162138878,6.625360534092959
V00_S0731_I00000487,naturalistic,stranger,stranger,0.6246878541068074,8.518589303155894,0.0034509329498446178,0.07292720649495477,3227,31,0.6938428081190819,0.8184634006525198,3.588868871340433,3.858597209690076
V00_S0731_I00000489,naturalistic,stranger,stranger,0.6110290994457683,8.039486254955749,-0.003762400434443829,0.07647149088677634,3054,31,0.6624581972219867,0.4722358411485246,7.433995708519341,5.410891615227456
V00_S0731_I00000495,naturalistic,stranger,stranger,0.5471174355153383,9.021614856043096,0.002591745792643459,0.06035789583257884,3759,31,0.5998637556721419,0.8157614427121705,4.71067531962037,12.14220456769869
V00_S0731_I00000510,naturalistic,stranger,stranger,0.6857053730020664,8.889717441020746,0.003624223669340586,0.07672697741610188,2328,31,0.4631949053885992,0.5585618831365988,3.241361116990945,3.6737265473652783
V00_S0731_I00000520,naturalistic,stranger,stranger,0.6848147872076823,9.521427292536446,0.011670992812413523,0.07069778235064877,2643,31,0.5975006764212343,0.9382321764060628,5.881774771718036,8.105620236665732
V00_S0825_I00000125,naturalistic,familiar,familiar,0.41020685614378005,5.374329887161734,0.00790557041522098,0.07485608330251207,5640,31,0.7265604513935233,0.5618338902251591,3.6910507716197754,3.3504387953059345
V00_S0825_I00000126,naturalistic,familiar,familiar,0.5321018512346657,9.357044769133287,0.0015940506763968902,0.05669608446336504,5938,31,0.7615276959608746,0.41189846484631504,14.532681614085128,4.543551438382489
V00_S0825_I00000128,naturalistic,familiar,familiar,0.6398459813359004,8.499459931118528,0.0021232235917246316,0.07503097407510827,2999,31,0.9544250849621961,0.3849392579629309,7.861096803681999,2.99312644558719
V00_S0825_I00000129,naturalistic,familiar,familiar,0.5188266469520046,7.691971641769031,-0.0025290069897097034,0.06777919605301753,6985,31,0.6581959746331207,0.5439045236610733,5.655058875670758,4.248953136754103
V00_S0825_I00000132,naturalistic,familiar,familiar,0.3371651702962172,5.530051634971511,0.0013473429320036367,0.06072598404697239,8211,31,0.5732928276404393,0.6744748785003857,2.607244738827872,6.882771459354301
V00_S0825_I00000135,naturalistic,familiar,familiar,0.5641992156665572,7.813804795764456,0.0018490065661176491,0.07196880697675818,3780,31,0.7187530153890148,0.5861940658055064,3.4112450382946524,2.5901519899717833
V00_S0825_I00000137,naturalistic,familiar,familiar,0.49237988142856,9.110979330674807,0.004473532205702815,0.05355147141868451,3737,31,0.669165139598061,0.3231612973307152,9.89794954344906,3.3511635372952955
V00_S0825_I00000139,naturalistic,familiar,familiar,0.6160431912048772,8.507618980609962,-0.0032983022009141633,0.07279845216591811,3296,31,0.6007366462342101,0.3140827907973908,7.24566495337077,2.8805332108048405
V00_S0825_I00000307,naturalistic,familiar,familiar,0.6069067601024977,7.296459977133867,0.0018061325891790693,0.0829307128949687,2340,31,0.4226712644153702,0.47362561232218836,1.3780673313122462,2.104968170941464
V00_S0825_I00000309,naturalistic,familiar,familiar,0.44450246494412343,6.565456481790456,-0.00013649915664099428,0.06772399837452088,4994,31,0.6010553470962937,0.2618401576902784,3.350228711953739,1.3640583786013165
V00_S0825_I00000313,naturalistic,familiar,familiar,0.6432517557688068,6.997920801945663,-0.0033950679492298413,0.09240556474120806,3574,31,0.6510217007660867,0.42825935059597403,5.614027494355175,4.39647397573533
V00_S0825_I00000462,naturalistic,familiar,familiar,0.4574647989731691,7.032788336657085,-0.00035076609209811133,0.06509730467487408,5039,31,0.605675159961359,0.3462432928875421,3.149730214064472,2.3914400928418496
V00_S0825_I00000497,naturalistic,familiar,familiar,0.4854990893116419,7.872324638950343,-0.004887028587585005,0.062292415568447966,8184,31,0.756387246337586,0.5445895187006234,6.543993693458693,5.157235225402396
V00_S0922_I00000478,naturalistic,familiar,familiar,0.39835433287666466,6.8496882667566945,-0.0036871969911662695,0.05869486525672157,11339,31,0.6105298825545475,0.6358406848996146,9.136910631396097,9.494951075487215
V00_S0922_I00000482,naturalistic,familiar,familiar,0.6579677203606485,10.79892426319456,0.01191913161715161,0.05982527268437213,4060,31,0.8908028625320416,0.7945604534903242,12.413950372416364,6.985219945352666
V00_S0922_I00000483,naturalistic,familiar,familiar,0.4009353179811224,6.530539705458724,-0.0005872629113811523,0.06148382813703442,7367,31,0.6320929536021459,0.6270955704693958,4.252065190206315,7.619308242022755
V00_S0922_I00000486,naturalistic,familiar,familiar,0.6520520330134044,7.107436319988501,0.0004932946575240182,0.09167282111602999,1980,31,0.4839674030375144,0.4438262821050521,2.1542517944548063,2.811696672029122
V00_S0922_I00000495,naturalistic,familiar,familiar,0.6236546557043243,10.922698840593702,0.005631012796470416,0.056581587749265576,4140,31,0.5653712523321364,0.5775281939636474,4.392419377569848,7.530190455882926
V00_S0922_I00000514,naturalistic,familiar,familiar,0.5135275161833569,7.672140120971918,0.006933342532647494,0.06603035993385027,5244,31,0.7721505556923871,0.52808374958247,4.07686577334176,3.1942533918420914
V00_S0922_I00000520,naturalistic,familiar,familiar,0.610829938095593,10.110831999113541,-0.011807246771659723,0.061581201717310886,6052,31,0.752108301470623,0.8961127192614682,5.278302503872042,7.271467232172452
V00_S0948_I00000135,naturalistic,familiar,familiar,0.47975295102591214,8.153442952503088,-0.00387884566407326,0.05931626669951883,5340,31,0.4484457890265208,0.7453361605305775,2.3434338766370564,5.379442274003829
V00_S0948_I00000371,naturalistic,familiar,familiar,0.7047795071564139,8.491078797706356,0.01211718862052583,0.08157530215394924,3120,31,0.5669163186119714,0.6757272009135061,6.254053310676399,5.046528508959861
V00_S0948_I00000372,naturalistic,familiar,familiar,0.4647687685185286,6.128864675185388,-0.0036673195402690414,0.07643113576245314,5745,31,0.40812820115276016,0.8065896405768934,2.4026496491369755,6.68338759834411
V00_S0948_I00000376,naturalistic,familiar,familiar,0.6808935408982375,11.825366048251158,4.9879849117872573e-05,0.05757484869991056,5044,31,0.7014066755541242,0.7624883044016818,7.213363622432908,6.658087931053367
V00_S0948_I00000379,naturalistic,familiar,familiar,0.39744642988399875,6.71355672558194,-0.0025554430770965532,0.059581215935346495,7315,31,0.40578212798156366,0.5578798829406139,2.8455486621842887,3.2481037213568507
V00_S0948_I00000381,naturalistic,familiar,familiar,0.49076881653736826,7.00251371102645,-0.012170600255923945,0.07182269646988951,4599,31,0.44709494543412875,0.8195407868036375,3.337610334236813,3.019475609802565
V00_S0948_I00000382,naturalistic,familiar,familiar,0.4584914978061686,6.8641771505156886,0.002878769868605881,0.0663754326188003,5819,31,0.6346362048237294,0.6328491110782793,4.344815505005597,5.313615705345449
V00_S0948_I00000384,naturalistic,familiar,familiar,0.44215450885947066,7.116408863580279,-0.0015556578430438906,0.062350291447318996,5810,31,0.5401381325017134,0.684450381769929,2.2996507113574056,4.676892356254692
V00_S0948_I00000503,naturalistic,familiar,familiar,0.5274887045901694,8.646219433547255,0.007201973442561023,0.06017505513784446,5280,31,0.7735433907724808,0.8341830602655305,4.210092295460845,4.109039513740734
V00_S1045_I00000007,naturalistic,familiar,familiar,0.46687660366835093,7.4103104284227,0.004819791726974726,0.06235323289144932,5580,31,0.8161369368399197,0.6310141823317695,3.6826720780881823,3.198830841035722
V00_S1045_I00000009,naturalistic,familiar,familiar,0.4851562379818552,9.670748204072641,0.0060228408540983925,0.049544604721067954,5520,31,0.6426991809843059,0.5801664690369557,5.254500851439482,3.2183854247684027
V00_S1045_I00000012,naturalistic,familiar,familiar,0.44527438915987405,8.215716768684114,0.004244630080716465,0.05368122727407459,6240,31,0.5814602639500309,0.6147120031406916,3.9840460078561724,3.561415886230987
V00_S1045_I00000295,naturalistic,familiar,familiar,0.44662903071645144,7.8293665463006485,-0.002095846997363417,0.05731305017592209,5998,31,0.7477322019923843,0.742219928396005,5.586779514146861,3.335417797395371
V00_S1045_I00000605,naturalistic,familiar,familiar,0.5060722797061147,9.97288128017412,0.0021614406438736846,0.05052810967117449,7256,31,0.8591858182313992,0.6384750668253671,12.690775578344894,6.653416659464959
V00_S1045_I00000606,naturalistic,familiar,familiar,0.5275401477170245,7.750061957675596,-0.002201356869663863,0.06835319607503741,4552,31,0.6241391211952636,0.6809806323287351,2.7507588986755693,3.4979762302723554
V00_S1085_I00000179,naturalistic,familiar,familiar,0.3711938548828963,5.516440840756696,0.004454821205848244,0.06648109610230898,8204,31,0.6918610103607554,0.8074501863511662,7.551255526249206,7.528360679781997
V00_S1085_I00000180,naturalistic,familiar,familiar,0.4273052336362827,8.035266738413913,0.0003333616919120135,0.053137236863981314,7735,31,0.5102199077465036,0.5981825875804526,5.240506806332619,4.204599574089779
V00_S1085_I00000181,naturalistic,familiar,familiar,0.3548123254302204,5.513384329037063,0.005873104015747379,0.06328947894612252,9980,31,0.5852128649442065,0.5997378492351483,3.2688362699617777,3.2821624441665795
V00_S1085_I00000182,naturalistic,familiar,familiar,0.4966363697662111,7.359448130207632,-0.015252309962081836,0.06955530777194989,6686,31,0.6382165451534413,0.6126376610379316,4.329073063449938,3.6127337582335852
V00_S1085_I00000184,naturalistic,familiar,familiar,0.36604761314993806,6.852842852764222,0.003051271106604125,0.05297018330092198,8834,31,0.8388979271437422,0.5136372080163668,4.580989854953312,5.879380643157217
V00_S1085_I00000186,naturalistic,familiar,familiar,0.4906059092444782,8.151724133982512,-0.002523267214617391,0.060493849933336515,5696,31,0.5672033457090219,0.6642561307565098,2.8689298676450994,3.4120585339200784
V00_S1085_I00000188,naturalistic,familiar,familiar,0.4436058198835252,8.273345293664644,0.008757312011741897,0.05256017879548322,7366,31,0.7711605177056123,0.7028399504491903,5.621642821234637,6.621920856929176
V00_S1085_I00000190,naturalistic,familiar,familiar,0.44044579231810055,6.747979008645571,-0.0047782383132872865,0.06597887012703549,6051,31,0.40346062902704827,0.6806216391563277,2.4458380609465125,5.9805296781892565
V00_S1085_I00000192,naturalistic,familiar,familiar,0.4229208940171872,6.755268339014242,0.0066213990710295555,0.06162590056443352,7384,31,0.7682266517622616,0.5388508100612909,4.7590700105719,5.1755324143187735
V00_S1220_I00000182,naturalistic,familiar,familiar,0.3813429730749809,5.491231738351564,-0.0017355883715479332,0.06976186394958571,10920,31,0.7009849624593184,0.616069105644842,6.490972212136938,3.6561156101046244
V00_S1220_I00000192,naturalistic,familiar,familiar,0.4795458727225288,7.369473536898966,-0.004810373089357257,0.06572467400645562,5340,31,0.5333241887880433,0.7679567524847825,3.5186601559601334,5.45115999321604
V00_S1220_I00000355,naturalistic,familiar,familiar,0.7831017289464554,11.053459623668141,0.0014311192228563085,0.07071728095426814,3795,31,0.8279672766595487,0.7976950968375133,11.05841627074181,9.055351958029508
V00_S1220_I00000526,naturalistic,familiar,familiar,0.6194467267440434,8.544562423649412,0.004463492059296701,0.07197363705631227,4033,31,0.6624558960556755,0.5078812609058221,4.803142241217719,2.6661686714227364
V00_S1220_I00000527,naturalistic,familiar,familiar,0.6594728625052624,9.68666496627251,0.011202969046831402,0.06692395119637233,4154,31,0.8112896145169597,0.6894593934170901,7.2111945141871985,5.750100819758283
V00_S1220_I00000595,naturalistic,familiar,familiar,0.7905793549980464,10.858957243758299,0.0015271768902167995,0.07266371534535462,3107,31,0.7363787920853136,0.6181195753703294,6.795709349017393,5.918879106522896
V00_S1823_I00000264,naturalistic,familiar,familiar,0.6835076876266438,10.849642944851475,0.005795315588847775,0.062464025358492895,4790,31,0.6446640260731266,0.6727652423944701,9.728551594933277,8.56194178685428
V00_S1823_I00000271,naturalistic,familiar,familiar,0.6062855318759104,8.502663387159119,-0.009073397819297996,0.07237249102728621,3471,31,0.5961574110029566,0.421238694557117,5.0942699350148715,3.3995443426110348
V00_S1823_I00000291,naturalistic,familiar,familiar,0.8374790901567662,9.666548884674302,-0.007134434372997822,0.08737487748795696,2160,31,0.9195991753026251,0.49966553253980633,8.132224984770184,5.3762559704623
V00_S1823_I00000329,naturalistic,familiar,familiar,0.5412413290552245,7.168799446965633,0.0014302305064000426,0.07530006977351172,4196,31,0.5641346517359865,0.6540992746411614,3.8316181510031946,3.506841027326269
V00_S1823_I00000601,naturalistic,familiar,familiar,0.5497180057560274,11.60288145788211,0.00016897775714530937,0.047363151127047025,5557,31,0.6613224837676582,0.43880775827009155,11.467162589431835,4.118746561868875
V00_S1823_I00000602,naturalistic,familiar,familiar,0.4989078653433859,7.575057579700945,0.0029386967133029464,0.06547398002084405,3934,31,0.739330566790995,0.4394526534941661,3.778929355120998,2.0896131088048637
V00_S1823_I00000618,naturalistic,familiar,familiar,0.5098989580138247,6.4015765405506,0.002390466419759048,0.07927867274245147,4830,31,0.6396311317777008,0.9742018161750658,4.392288053428783,6.6851156375582335
